{
"RECORDS":[
{
"id":1,
"stageLv":1,
"stageQuestion":"哪个最大？",
"stageTips":"大呀大西瓜",
"stageWin":"你真棒！"
},
{
"id":2,
"stageLv":2,
"stageQuestion":"数一数有几只鸭子",
"stageTips":"有小鸡混入在里面了",
"stageWin":"叽叽喳喳叽叽"
},
{
"id":3,
"stageLv":3,
"stageQuestion":"谁最高？",
"stageTips":"太阳才是最高的哦！",
"stageWin":"看来你仔细审题了！"
},
{
"id":4,
"stageLv":4,
"stageQuestion":"找出与众不同的西瓜",
"stageTips":"有些不同的西瓜可能藏在其他西瓜的底下",
"stageWin":"干得好，漂亮"
},
{
"id":5,
"stageLv":5,
"stageQuestion":"哪个图形最多边呢？",
"stageTips":"圆形有无限个边。",
"stageWin":"圆形有无限个边还是圆形没有边呢？这是个问题！"
},
{
"id":6,
"stageLv":6,
"stageQuestion":"数一下下面有有多少个三角形?",
"stageTips":"11个",
"stageWin":"哟呵！这也能算出来！看来得来个厉害的才行了！"
},
{
"id":7,
"stageLv":7,
"stageQuestion":"找出最大的火堆",
"stageTips":"火上加火！",
"stageWin":"众人拾柴火焰高"
},
{
"id":8,
"stageLv":8,
"stageQuestion":"你的车停在几号车位？",
"stageTips":"把车移开，就知道车位号了！",
"stageWin":"是不是感觉智商上了一个台阶。"
},
{
"id":9,
"stageLv":9,
"stageQuestion":"严肃点，你对这个游戏打多少分？",
"stageTips":"满分当然最好啦，有任何好点子也欢迎随时告诉我们哦！",
"stageWin":"谢谢你的支持与鼓励！我们会继续努力哒！"
},
{
"id":10,
"stageLv":10,
"stageQuestion":"叫醒猫头鹰",
"stageTips":"猫头鹰晚上才醒，要不把太阳先挪走？",
"stageWin":"不错，越来越清楚我们的套路啦！"
},
{
"id":11,
"stageLv":11,
"stageQuestion":"请根据计算给出答案",
"stageTips":"你再仔细想想4+5等于几！",
"stageWin":"嘿嘿，前面的都是误导啦！"
},
{
"id":12,
"stageLv":12,
"stageQuestion":"依次点击水果，然后顺序点击六边形，圆形，矩形",
"stageTips":"看清楚，有一个可不是水果",
"stageWin":"读懂题目很重要的"
},
{
"id":13,
"stageLv":13,
"stageQuestion":"这关必须赢！轮到你了",
"stageTips":"两只手同时填充不同的地方让你的棋子成一条直线",
"stageWin":"咦？你刚刚是不是作弊了"
},
{
"id":14,
"stageLv":14,
"stageQuestion":"找小鸡",
"stageTips":"小鸡们都躲到鸡妈妈后面啦，甩一甩鸡妈妈",
"stageWin":"这个调皮的小鸡！"
},
{
"id":15,
"stageLv":15,
"stageQuestion":"找到最深的颜色",
"stageTips":"别忘记了标题的颜色哦",
"stageWin":"干得漂亮！"
},
{
"id":16,
"stageLv":16,
"stageQuestion":"数数有几根头发",
"stageTips":"男孩儿戴了假发，把假发往上滑动就能出现真头发啦",
"stageWin":"现在年轻人戴假发这么早的吗.."
},
{
"id":17,
"stageLv":17,
"stageQuestion":"帮助小鸭喝到水",
"stageTips":"地上就有水，不要再死劲儿填瓶子啦",
"stageWin":"我想起了另一个喝水的故事"
},
{
"id":18,
"stageLv":18,
"stageQuestion":"来个简单点的吧！让等式成立",
"stageTips":"移动1下面的横杠到？下面是不是可以组成2啊",
"stageWin":"哈哈哈我就说嘛，小学生都会的题！"
},
{
"id":19,
"stageLv":19,
"stageQuestion":"哪一个可以吃呢？",
"stageTips":"哪两个可以组合出肉片啊？",
"stageWin":"咦，肉片原来是这样做出的"
},
{
"id":20,
"stageLv":20,
"stageQuestion":"森林周年运动会开始了，小兔，小猴和小马赛跑，请帮助小兔让它获胜吧！",
"stageTips":"用手拖住小马和小猴，让小兔直冲终点！",
"stageWin":"啊！小兔作弊！"
},
{
"id":21,
"stageLv":21,
"stageQuestion":"糟糕，她的戒指不见了，请帮她找一找戒指",
"stageTips":"拉开罐头给狗狗吃，狗狗会告诉你真相的",
"stageWin":"咦呃…这味道有点熏眼睛"
},
{
"id":22,
"stageLv":22,
"stageQuestion":"什么英文字母最多人喜欢听呢？",
"stageTips":"大家最喜欢听的是CD啦~",
"stageWin":"哈哈哈哈，接下来这道题我觉得你应该很快通关！"
},
{
"id":23,
"stageLv":23,
"stageQuestion":"吸烟有害健康",
"stageTips":"掐灭烟头。",
"stageWin":"读懂题目很重要的"
},
{
"id":24,
"stageLv":24,
"stageQuestion":"放3枚硬币在存钱罐里面，现在存钱罐里面有多少个硬币？",
"stageTips":"把所有金币放入存钱罐，再点击打破存钱罐",
"stageWin":"看来难不到你了！"
},
{
"id":25,
"stageLv":25,
"stageQuestion":"肚子好饿啊，动手做点吃的吧",
"stageTips":"还记得荷包蛋的样子吗？组合看看",
"stageWin":"当当当！热乎乎的荷包蛋"
},
{
"id":26,
"stageLv":26,
"stageQuestion":"把这个圆分成八等份，最少需要几刀呢？",
"stageTips":"你可以任意折叠这个圆呀！1刀就行",
"stageWin":"没少折纸呢吧？"
},
{
"id":27,
"stageLv":27,
"stageQuestion":"数蚂蚁",
"stageTips":"蚂蚁太小啦，放大石头看看",
"stageWin":"小蚂蚁哪里跑！"
},
{
"id":28,
"stageLv":28,
"stageQuestion":"找到规律，写出答案！",
"stageTips":"9.0",
"stageWin":"这也太考验逻辑能力了吧！"
},
{
"id":29,
"stageLv":29,
"stageQuestion":"点击题目上方的蝴蝶",
"stageTips":"移动题目到蝴蝶下面",
"stageWin":"噢哟，这题没难度"
},
{
"id":30,
"stageLv":30,
"stageQuestion":"请打开风扇",
"stageTips":"分享小知识：人体是可以导电的！同时按住红色电线试试？",
"stageWin":"人体可以导电啊！"
},
{
"id":31,
"stageLv":31,
"stageQuestion":"找8个动物",
"stageTips":"点击云朵，蚯蚓会冒出来",
"stageWin":"过关成功！"
},
{
"id":32,
"stageLv":32,
"stageQuestion":"哄这个小宝宝入睡",
"stageTips":"抱在怀里，边摇动边哼摇篮曲肯定能睡着",
"stageWin":"哈哈哈摇篮曲哼得真好！小宝宝已经睡着啦！"
},
{
"id":33,
"stageLv":33,
"stageQuestion":"老套的问题，你女朋友和你妈妈同时掉水里，你会先救谁？",
"stageTips":"当然一个都不能少啊，同时救起两个人！",
"stageWin":"其实我觉得你真的想多了，你有女朋友吗？哈哈"
},
{
"id":34,
"stageLv":34,
"stageQuestion":"把车开到路标旁？",
"stageTips":"拉开题目和云朵，让太阳融化冰块",
"stageWin":"冰块融化啦~"
},
{
"id":35,
"stageLv":35,
"stageQuestion":"怎样才能吃到胡萝卜呢？",
"stageTips":"拿胡萝卜喂小兔子就行啦~",
"stageWin":"谢谢你哦！"
},
{
"id":36,
"stageLv":36,
"stageQuestion":"怎么让两个人都过河呢",
"stageTips":"双指放大小船，把小船变成一座桥吧！",
"stageWin":"谢谢你！"
},
{
"id":37,
"stageLv":37,
"stageQuestion":"哪三个数相加等于十二",
"stageTips":"3+3+6",
"stageWin":"是不是又研究了半天标题，嘿嘿！"
},
{
"id":38,
"stageLv":38,
"stageQuestion":"把所有的东西都放到箱子",
"stageTips":"仔细审题哦，所有东西当然包括标题啦~",
"stageWin":"这是个神奇的箱子，什么都能装下。"
},
{
"id":39,
"stageLv":39,
"stageQuestion":"一起玩打地鼠吧",
"stageTips":"把地鼠拖动到锤子上找打",
"stageWin":"这是一只喜欢挨揍的地鼠"
},
{
"id":40,
"stageLv":40,
"stageQuestion":"解救长颈鹿",
"stageTips":"把手机倒过来看看",
"stageWin":"解救成功！"
},
{
"id":41,
"stageLv":41,
"stageQuestion":"来个小学数学题",
"stageTips":"这可是1+2+3+11+2+3+11+2+3+1,输入答案39即可过关。",
"stageWin":"看题要看清，做题能做对"
},
{
"id":42,
"stageLv":42,
"stageQuestion":"找出对应物品",
"stageTips":"0.0",
"stageWin":"福尔摩斯本福！"
},
{
"id":43,
"stageLv":43,
"stageQuestion":"天啦，睡过头了！快叫ZOZO起床！",
"stageTips":"滑动门把手让妈妈进来！",
"stageWin":"忘记调闹钟了！"
},
{
"id":44,
"stageLv":44,
"stageQuestion":"如果1=5，2=15，3=215，4=3215，那么5=？",
"stageTips":"如果1=5，当然5=1",
"stageWin":"天啦噜！逻辑能力也太强了叭"
},
{
"id":45,
"stageLv":45,
"stageQuestion":"哪一个水杯是最先满水的呢",
"stageTips":"有个水杯是假的，请先移开它哦",
"stageWin":"水往低处流！"
},
{
"id":46,
"stageLv":46,
"stageQuestion":"移动一根火柴得到的最大数是多少呢",
"stageTips":"909.0",
"stageWin":"挺不错嘛，囧囧大师！"
},
{
"id":47,
"stageLv":47,
"stageQuestion":"下面哪个不能吃？",
"stageTips":"鸡窝可不能吃啊",
"stageWin":"哈哈哈。万万没想到吧！"
},
{
"id":48,
"stageLv":48,
"stageQuestion":"Tom怎样引起她的注意呢？",
"stageTips":"把包移动到Tom手上！",
"stageWin":"哎呀，不好意思"
},
{
"id":49,
"stageLv":49,
"stageQuestion":"找到外星人",
"stageTips":"仔细找外星人的脚，把飞船移过去！",
"stageWin":"外星人被飞船带走了"
},
{
"id":50,
"stageLv":50,
"stageQuestion":"这方向不对把？纠正一下",
"stageTips":"将设备竖着向右旋转90度。",
"stageWin":"没错，旋转设备就可以了。"
},
{
"id":51,
"stageLv":51,
"stageQuestion":"下面有多少包薯条？",
"stageTips":"有些薯条不一定显示在上面哦",
"stageWin":"眼见不一定为实，需要细心找找。"
},
{
"id":52,
"stageLv":52,
"stageQuestion":"找熊猫",
"stageTips":"0.0",
"stageWin":"这个小调皮！"
},
{
"id":53,
"stageLv":53,
"stageQuestion":"强迫症简直不能忍了！",
"stageTips":"把画错的油漆擦干净吧！",
"stageWin":"好啦！终于整洁了"
},
{
"id":54,
"stageLv":54,
"stageQuestion":"点击橙色的图形三次，然后再快速的点击绿色的图形五次！",
"stageTips":"注意按钮颜色变化",
"stageWin":"嘿嘿，是不是囧商越来越高啦！"
},
{
"id":55,
"stageLv":55,
"stageQuestion":"怎么实现梦想",
"stageTips":"反复摩擦阿拉丁神灯，然后点击书本！只有知识才能让你实现梦想",
"stageWin":"知识就是力量"
},
{
"id":56,
"stageLv":56,
"stageQuestion":"制造一个长宽不相等的长方形",
"stageTips":"正方形拖出屏幕一半就变成长方形了",
"stageWin":"还不错！接下来这道题你能想到吗？"
},
{
"id":57,
"stageLv":57,
"stageQuestion":"根据下图，猜出？内该填个啥",
"stageTips":"28-15=13，45-28=17，66-45=21，？-66=25",
"stageWin":"你数学很棒哦！这么快就找到规律啦"
},
{
"id":58,
"stageLv":58,
"stageQuestion":"请找到照片",
"stageTips":"按住信封，把设备向右倾倒，就能倒出照片啦！",
"stageWin":"嘿，这也能找到！不错哟！"
},
{
"id":59,
"stageLv":59,
"stageQuestion":"叫醒小猪",
"stageTips":"手指塞住它鼻子几秒试试",
"stageWin":"小坏蛋，你是不是拿蝴蝶吓小猪啦？"
},
{
"id":60,
"stageLv":60,
"stageQuestion":"帮助他们相亲成功",
"stageTips":"连续点击狗狗试试？",
"stageWin":"我爱你哦！"
},
{
"id":61,
"stageLv":61,
"stageQuestion":"找到数字8",
"stageTips":"0.0",
"stageWin":"啊！眼睛都花了！"
},
{
"id":62,
"stageLv":62,
"stageQuestion":"哪种颜色最多？",
"stageTips":"可我觉得底部的色是最多的耶",
"stageWin":"玩家无色盲`鉴定完毕！"
},
{
"id":63,
"stageLv":63,
"stageQuestion":"找到六边形",
"stageTips":"找不到的话就自己创造一个六边形吧！",
"stageWin":"下面来个送分题"
},
{
"id":64,
"stageLv":64,
"stageQuestion":"AEBFC下一个字母是什么",
"stageTips":"按顺序写下ABCDEFG,再按题目顺序排列一下看看有什么共同规律！",
"stageWin":"鉴定完毕！逻辑能力很强！"
},
{
"id":65,
"stageLv":65,
"stageQuestion":"让等式成立",
"stageTips":"擦掉一半E，如果擦不掉，那就多擦几次！",
"stageWin":"你的智商直逼我心理防线！！"
},
{
"id":66,
"stageLv":66,
"stageQuestion":"1小时后，时针指向几？",
"stageTips":"你确定时钟会动？当然是9！",
"stageWin":"这是一张图，当然不会动，不信你等等1个小时后。"
},
{
"id":67,
"stageLv":67,
"stageQuestion":"有多少只小鸡",
"stageTips":"注意按钮下隐藏的小鸡啊",
"stageWin":"隐藏的也太深了吧！"
},
{
"id":68,
"stageLv":68,
"stageQuestion":"ZOZO太冷啦，可以为她取暖吗？",
"stageTips":"摩擦生热，搓一搓她吧",
"stageWin":"谢谢你，已经暖和多了"
},
{
"id":69,
"stageLv":69,
"stageQuestion":"小星星在哪里呢",
"stageTips":"把它们晃晕就会出现小星星啦",
"stageWin":"头有点晕晕"
},
{
"id":70,
"stageLv":70,
"stageQuestion":"小学生都会的题",
"stageTips":"把最左边的1往左边移动，把8中间的横杠左移在1和8之间。1-0=1",
"stageWin":"我就说很简单的嘛"
},
{
"id":71,
"stageLv":71,
"stageQuestion":"找到鸡妈妈",
"stageTips":"鸡妈妈在屏幕外诶，拖动屏幕试试",
"stageWin":"终于找到鸡妈妈啦！"
},
{
"id":72,
"stageLv":72,
"stageQuestion":"下面三个最大数的和是多少",
"stageTips":"键盘的数字也是在下方呀~7+8+9=24",
"stageWin":"行吧，这题没毛病"
},
{
"id":73,
"stageLv":73,
"stageQuestion":"再吃一次胡萝卜！",
"stageTips":"题目可以拿来当小兔子的跳板哦",
"stageWin":"哇塞，胡萝卜真好吃！"
},
{
"id":74,
"stageLv":74,
"stageQuestion":"猜出通关密码！",
"stageTips":"这可不是Error,镜子会把密码倒印出来的！",
"stageWin":"你真棒，还懂镜面反射原理！"
},
{
"id":75,
"stageLv":75,
"stageQuestion":"小象好孤单哦，帮帮它吧",
"stageTips":"长按小象复制一个出来陪它吧！",
"stageWin":"两只小象就不无聊了哦！"
},
{
"id":76,
"stageLv":76,
"stageQuestion":"点亮第4灯泡",
"stageTips":"拼手速的时候到了，一定要看清灯泡序号哦",
"stageWin":"这题过得我手指酸"
},
{
"id":77,
"stageLv":77,
"stageQuestion":"根据图算出一个2位数答案",
"stageTips":"请算出图形周长",
"stageWin":"哇，看来你数学挺不错的！"
},
{
"id":78,
"stageLv":78,
"stageQuestion":"仔细看小猫咪伸出的猫爪，那个猫爪与其最像？",
"stageTips":"当然是猫咪自己的左右爪是最像的啦",
"stageWin":"好吧，这题没毛病"
},
{
"id":79,
"stageLv":79,
"stageQuestion":"让等式成立！",
"stageTips":"旋转等式中的3，拼凑出8来。",
"stageWin":"没错！3+5=8"
},
{
"id":80,
"stageLv":80,
"stageQuestion":"快！走到出口处。",
"stageTips":"谁说一定要从迷宫里面穿过呢？",
"stageWin":"真棒！你太厉害了！"
},
{
"id":81,
"stageLv":81,
"stageQuestion":"这么满的一杯果汁，可是Zoe只想喝杯底的怎么办？",
"stageTips":"把果汁的下半部分移动到Zoe的嘴边吧",
"stageWin":"哇塞，果汁真好喝！"
},
{
"id":82,
"stageLv":82,
"stageQuestion":"把图形放到对应的框内吧",
"stageTips":"我没说过不可以重叠放入同一个框哦",
"stageWin":"不错不错，下面这题有点奇怪"
},
{
"id":83,
"stageLv":83,
"stageQuestion":"找出2处不同",
"stageTips":"拖动桌子可能会有新的发现哦",
"stageWin":"这也藏得太深了吧"
},
{
"id":84,
"stageLv":84,
"stageQuestion":"裤子太旧啦，数数看有几个洞",
"stageTips":"这个洞是双面洞",
"stageWin":"真的太旧啦"
},
{
"id":85,
"stageLv":85,
"stageQuestion":"一个西瓜，切10刀最多能切多少块呢？",
"stageTips":"2的10次方！最多可切1024块！",
"stageWin":"长知识了！"
},
{
"id":86,
"stageLv":86,
"stageQuestion":"抓老鼠",
"stageTips":"点燃木棍，用烟熏一端管道，然后用手堵住另一端！",
"stageWin":"坏老鼠！"
},
{
"id":87,
"stageLv":87,
"stageQuestion":"怎么通过这一关呢？",
"stageTips":"别忘记了怎么使用鼠标哦！移动鼠标并点击右键！",
"stageWin":"轻轻松松又过一关！"
},
{
"id":88,
"stageLv":88,
"stageQuestion":"输入最小的数",
"stageTips":"抬高符号”-“，让结果变成-999",
"stageWin":"没想到吧？"
},
{
"id":89,
"stageLv":89,
"stageQuestion":"找到最大的矩形",
"stageTips":"背景也是一个矩形哦",
"stageWin":"不要被眼前的物品局限了自己的判断力"
},
{
"id":90,
"stageLv":90,
"stageQuestion":"天嘞，老妈回来了，快把游戏机藏起来！",
"stageTips":"用手指挡住游戏机一小会",
"stageWin":"掩耳盗铃！"
},
{
"id":91,
"stageLv":91,
"stageQuestion":"移动三个圆圈，让三角形倒过来",
"stageTips":"第四排两个移动到第二排，然后把第一排的移动到第四排",
"stageWin":"眼前的圈早已不是圈了"
},
{
"id":92,
"stageLv":92,
"stageQuestion":"按顺序点击:|1,6,8,2,20,17,60,33",
"stageTips":"可别被不相干的数字误导了`记住顺序：1,6,8,2,20,17,60,33",
"stageWin":"小机灵鬼！"
},
{
"id":93,
"stageLv":93,
"stageQuestion":"如何吃到蛋糕",
"stageTips":"移开中间那个木板，再跳下去试试？",
"stageWin":"嘿嘿，你真优秀！"
},
{
"id":94,
"stageLv":94,
"stageQuestion":"当左左6岁的时候，璐璐的年龄是左左的2倍。现在左左10岁了，那璐璐是多少岁？",
"stageTips":"这还用问！16岁了哇",
"stageWin":"同样是九年义务教育，为什么你如此优秀！"
},
{
"id":95,
"stageLv":95,
"stageQuestion":"嘿，请再赢一局！轮到你了。|小明：|你：",
"stageTips":"题目中也有个O可以拿去用哦",
"stageWin":"咦？你是不是又作弊了"
},
{
"id":96,
"stageLv":96,
"stageQuestion":"午饭时间到！自己泡个面吧",
"stageTips":"泡完泡面还得用手指盖一下哦",
"stageWin":"嗯！盖上焖一焖才香！"
},
{
"id":97,
"stageLv":97,
"stageQuestion":"考考你的智力！移动两根火柴，让椅子正过来吧",
"stageTips":"留意一下上层最左边的火柴和最底下的那根火柴哦",
"stageWin":"智商至少赶上爱因斯坦了！"
},
{
"id":98,
"stageLv":98,
"stageQuestion":"如果CDE=EDF，那么EFH=？",
"stageTips":"HFI",
"stageWin":"这题真的很难了"
},
{
"id":99,
"stageLv":99,
"stageQuestion":"找熊猫",
"stageTips":"请先移开围巾再找找，注意区分熊猫耳朵和纽扣哦",
"stageWin":"这个熊猫玩Cosplay!"
},
{
"id":100,
"stageLv":100,
"stageQuestion":"这次帮助小蝙蝠入睡吧！",
"stageTips":"蝙蝠需要倒立才能睡的，把设备倒过来吧！",
"stageWin":"啊~倒挂入睡的动物"
},
{
"id":101,
"stageLv":101,
"stageQuestion":"组合出最大的数",
"stageTips":"∞为无穷大",
"stageWin":"小天才！"
},
{
"id":102,
"stageLv":102,
"stageQuestion":"移动两根火柴能得出的最大数是多少呢",
"stageTips":"31181.0",
"stageWin":"没说过只能有3位数哦"
},
{
"id":103,
"stageLv":103,
"stageQuestion":"想睡觉了，麻烦帮我熄下灯吧",
"stageTips":"手机屏幕朝下扣桌子上",
"stageWin":"好了，已经暗了！晚安！"
},
{
"id":104,
"stageLv":104,
"stageQuestion":"拍死这只讨厌的苍蝇",
"stageTips":"把手指放上去吸引它试试",
"stageWin":"以身为饵`你也是拼了..."
},
{
"id":105,
"stageLv":105,
"stageQuestion":"哪个最便宜",
"stageTips":"最便宜的最便宜！",
"stageWin":"嗯嗯！精打细算！"
},
{
"id":106,
"stageLv":106,
"stageQuestion":"再来一次！女朋友和妈妈同时掉进水里怎么办",
"stageTips":"别做梦了！快摇醒他！",
"stageWin":"醒醒吧你，你根本就没女朋友啊哈哈"
},
{
"id":107,
"stageLv":107,
"stageQuestion":"加一笔，让等式成立",
"stageTips":"把其中一个加号加上一笔变成4",
"stageWin":"你是天才吧？这也能想到！"
},
{
"id":108,
"stageLv":108,
"stageQuestion":"从左到右依次点击水果，再点击六边形，正方形，菱形",
"stageTips":"倾斜手机45°，把菱形变成正方形",
"stageWin":"仔细看看，图形才不会弄错"
},
{
"id":109,
"stageLv":109,
"stageQuestion":"Jack想要喝果粒橙",
"stageTips":"喝前摇一摇，摇完之后再给他喝",
"stageWin":"真好喝呀~~~"
},
{
"id":110,
"stageLv":110,
"stageQuestion":"满足你愿望，你想实现哪个愿望呢？",
"stageTips":"同时点击三个按钮",
"stageWin":"愿望不嫌多！我都想实现耶！"
},
{
"id":111,
"stageLv":111,
"stageQuestion":"点击menu直接进入下一关",
"stageTips":"右下角有个小小的menu，可别点错了",
"stageWin":"真是个观察力很强的小机灵鬼！"
},
{
"id":112,
"stageLv":112,
"stageQuestion":"打开盒子",
"stageTips":"按住盖子掀开就行啦",
"stageWin":"万万没想到这也能行吧？"
},
{
"id":113,
"stageLv":113,
"stageQuestion":"再来一次！请算出答案",
"stageTips":"43215，为什么？拿笔排列一下咯",
"stageWin":"题目是不是有点眼熟哇"
},
{
"id":114,
"stageLv":114,
"stageQuestion":"找出所有不同点",
"stageTips":"蛋糕上有6处，叉子上有2处，一共8处",
"stageWin":"不错不错！你这观察力也太强了吧！"
},
{
"id":115,
"stageLv":115,
"stageQuestion":"点击蓝色的按钮十次，然后点击红色的按钮一次",
"stageTips":"计数器坏了，自己数清楚吧",
"stageWin":"我可没说计数器是正常计数的哦"
},
{
"id":116,
"stageLv":116,
"stageQuestion":"怎样才能让天平保持平衡呢？",
"stageTips":"空天平就是平衡的啦",
"stageWin":"你也太聪明了吧！这也能想起来"
},
{
"id":117,
"stageLv":117,
"stageQuestion":"再数一数有几根头发",
"stageTips":"滑动男孩儿，背后也有头发的啦",
"stageWin":"这发量感人…"
}
]
}